OmniServey,ओमनीसर्वे,
Online,ऑनलाइन,
Offline,ऑफलाइन,
Surveys,सर्वेक्षण,
WAL Queue,कतार (ऑफलाइन),
System,सिस्टम,
Offline Ready ✓,ऑफलाइन तैयार ✓,
Active Session,सक्रिय सत्र,
Refresh,रिफ्रेश,
Backup,बैकअप,
Exit Form,← बाहर निकलें,
Step,चरण,
of,का,
Pages,पृष्ठ,
Questions,प्रश्न,
Previous,← पिछला,
Next,अगला →,
Save Offline,💾 ऑफलाइन सेव करें,
Save Survey,✓ सर्वे सुरक्षित करें,
Submit Survey,✓ सबमिट करें,
Capture GPS Coordinates,📍 जीपीएस लोकेशन रिकॉर्ड करें,
GPS Fix Acquired ✓,जीपीएस लोकेशन प्राप्त हुआ ✓,
Re-acquire Fix,पुनः प्रयास करें,
View on Map →,नक्शे पर देखें →,
Take Photo / Choose File,📷 फोटो लें / फाइल चुनें,
Compressed (<150KB) with GPS & Timestamp Watermark,जीपीएस और समय मोहर के साथ संपीड़ित,
Sign inside box with finger or stylus,अपनी उंगली या स्टाइलस से बॉक्स में हस्ताक्षर करें,
Clear Signature,🗑 हस्ताक्षर मिटाएं,
Signature Recorded,हस्ताक्षर दर्ज हुआ,
Enter response here...,यहाँ उत्तर दर्ज करें...,
Row,पंक्ति,
Delete,हटाएं,
+ Add Item Row,+ नई पंक्ति जोड़ें,
No Accessible Survey Templates,कोई सर्वेक्षण टेम्पलेट उपलब्ध नहीं है,
Your account,आपका खाता,
does not currently have permission to access any published templates.,वर्तमान में किसी भी प्रकाशित टेम्पलेट को देखने की अनुमति नहीं रखता है।,
Re-Check Permissions,⟳ अनुमतियों की पुनः जाँच करें,
Search templates by title or category...,शीर्षक या श्रेणी द्वारा खोजें...,
Start Survey Form,सर्वेक्षण फॉर्म शुरू करें,
Start Survey Form →,सर्वेक्षण फॉर्म शुरू करें →,
Resume Survey →,सर्वेक्षण जारी रखें →,
Write-Ahead Log (WAL),राइट-अहेड लॉग (WAL कतार),
Atomic zero-loss local storage queue,शून्य डेटा हानि सुरक्षित स्थानीय भंडारण,
Sync Now,⟳ अभी सिंक करें,
Synced ✓,सर्वर पर सिंक हुआ ✓,
Saved Offline,ऑफलाइन सुरक्षित,
Pending Sync,सिंक बाकी है,
Draft Saved Offline,ड्राफ्ट ऑफलाइन सुरक्षित,
No survey submissions recorded yet. Start a survey to capture data offline!,अभी तक कोई सर्वेक्षण दर्ज नहीं हुआ है। ऑफलाइन डेटा दर्ज करने के लिए सर्वे शुरू करें!,
Section A: Basic Details,भाग क: बुनियादी विवरण,
Section B: Respondent & Household Profile,भाग ख: उत्तरदाता और परिवार की प्रोफ़ाइल,
Section C: Enterprise Operations & Finance,भाग ग: उद्यम संचालन और वित्त,
Section D: Enterprise Challenges & Coping Mechanisms,भाग घ: उद्यम चुनौतियाँ और समाधान,
Section E: Impact of SVEP / OSF Schemes,भाग ङ: एसवीईपी / ओएसएफ योजनाओं का प्रभाव,
Section F: Digital Transactions & Social Media,भाग च: डिजिटल लेन-देन और सोशल मीडिया,
Section G: Field Verification & Sign-off,भाग छ: फील्ड सत्यापन और हस्ताक्षर,
Study on Performance of SHG-led Women Entrepreneurs,राजस्थान में एसएचजी-नेतृत्व वाली महिला उद्यमियों के प्रदर्शन का अध्ययन,
Himalayan Baseline Impact Survey,हिमालयन बेसलाइन इम्पैक्ट सर्वेक्षण,
1. Household & Demographic Profile,1. पारिवारिक और जनसांख्यिकीय प्रोफ़ाइल,
2. Economic Activity & Livestock,2. आर्थिक गतिविधि और पशुधन,
3. Geolocation & Digital Verification,3. भू-स्थान एवं डिजिटल सत्यापन,
District,जिला,
Block / Tehsil,ब्लॉक / तहसील,
Village / Gram Panchayat Name,गाँव / ग्राम पंचायत का नाम,
Cluster Level Federation (CLF) Name,क्लस्टर लेवल फेडरेशन (CLF) का नाम,
Village Organization (VO) Name,ग्राम संगठन (VO) का नाम,
Self-Help Group (SHG) Name,स्वयं सहायता समूह (SHG) का नाम,
Respondent Name,उत्तरदाता का नाम,
Enterprise / Business Name,उद्यम / व्यवसाय का नाम,
Year of Setting Up Enterprise,उद्यम स्थापना का वर्ष,
Main Business Activity of the Enterprise,उद्यम की मुख्य व्यावसायिक गतिविधि,
What is respondent's relation with SHG member?,उत्तरदाता का एसएचजी सदस्य से क्या संबंध है?,
What is the age of SHG member?,एसएचजी सदस्य की आयु क्या है?,
What is the marital status of the SHG member?,एसएचजी सदस्य की वैवाहिक स्थिति क्या है?,
What is the social category / caste?,सामाजिक श्रेणी / जाति क्या है?,
What is the education status of the SHG member?,एसएचजी सदस्य की शैक्षणिक स्थिति क्या है?,
How many total members are in the family?,परिवार में कुल कितने सदस्य हैं?,
What is your total annual household income?,आपकी कुल वार्षिक पारिवारिक आय कितनी है?,
What is your role in the SHG?,एसएचजी में आपकी भूमिका क्या है?,
Are you related to any of the SVEP / OSF CRP?,क्या आप किसी SVEP / OSF CRP से संबंधित हैं?,
Who started the enterprise?,उद्यम किसने शुरू किया था?,
Who operates and manages the enterprise on a daily basis?,दैनिक आधार पर उद्यम का संचालन और प्रबंधन कौन करता है?,
For how many hours in a day does the shop/enterprise remain open?,दिन में कितने घंटे दुकान/उद्यम खुला रहता है?,
What is the type of business place / premises?,व्यावसायिक स्थान/परिसर का प्रकार क्या है?,
Does SHG member maintain written records of business transactions regularly?,क्या एसएचजी सदस्य नियमित रूप से व्यावसायिक लेन-देन का लिखित रिकॉर्ड रखते हैं?,
"In the first year of your enterprise, what was the amount of seed capital (Rs)?",आपके उद्यम के पहले वर्ष में प्रारंभिक बीज पूंजी की राशि (रु) क्या थी?,
How do you manage working capital during peak season?,पीक सीजन के दौरान आप कार्यशील पूंजी का प्रबंधन कैसे करते हैं?,
Is the location of your space convenient for your business?,क्या आपके स्थान की स्थिति आपके व्यवसाय के लिए सुविधाजनक है?,
Are you satisfied and happy with your wholesale supplier?,क्या आप अपने थोक सप्लायर से संतुष्ट और खुश हैं?,
Are you able to recover credit / money from your customers?,क्या आप अपने ग्राहकों से उधारी/पैसा वसूल पाते हैं?,
Do you source raw materials/goods from market independently?,क्या आप बाजार से स्वतंत्र रूप से कच्चा माल/सामान लाते हैं?,
Do you have easy access to loans from different sources?,क्या आपको विभिन्न स्रोतों से ऋण की आसान पहुँच प्राप्त है?,
How much loan amount have you availed under SVEP / OSF scheme (Rs)?,आपने SVEP / OSF योजना के तहत कितनी ऋण राशि प्राप्त की है (रु)?,
How did you utilize the enterprise loan?,आपने उद्यम ऋण का उपयोग किस प्रकार किया?,
Monthly enterprise income BEFORE availing loan changes (Rs)?,ऋण से बदलाव करने से पहले उद्यम की मासिक आय (रु)?,
Monthly enterprise income AFTER availing loan changes (Rs)?,ऋण से बदलाव करने के बाद उद्यम की मासिक आय (रु)?,
What has been the contribution of SVEP / OSF CRPs?,SVEP / OSF CRP का क्या योगदान रहा है?,
Does the woman entrepreneur own a smartphone?,क्या महिला उद्यमी के पास स्मार्टफोन है?,
Do you use QR code / UPI / mobile banking for business transactions?,क्या आप व्यावसायिक लेन-देन के लिए क्यूआर कोड / यूपीआई / मोबाइल बैंकिंग का उपयोग करते हैं?,
Daily how many transactions are done via QR code / UPI?,दैनिक आधार पर क्यूआर कोड/यूपीआई के माध्यम से कितने लेन-देन होते हैं?,
Which social media platforms do you use for your business?,आप अपने व्यवसाय के लिए किन सोशल मीडिया प्लेटफॉर्म का उपयोग करते हैं?,
Capture Enterprise GPS Location (Satellite Coordinates),उद्यम जीपीएस लोकेशन कैप्चर करें (उपग्रह निर्देशांक),
Field Photo of Enterprise & Beneficiary,उद्यम और लाभार्थी का फील्ड फोटो,
Respondent & Surveyor Digital Signature,उत्तरदाता और सर्वेक्षक के डिजिटल हस्ताक्षर,
Full Name of Household Head / Primary Respondent,परिवार के मुखिया / प्राथमिक उत्तरदाता का पूरा नाम,
Respondent Classification,उत्तरदाता का वर्गीकरण,
Primary Contact Phone Number,प्राथमिक संपर्क मोबाइल नंबर,
"Do you own cattle, sheep, or goats?","क्या आपके पास गाय, भैंस, भेड़ या बकरियां हैं?",
Estimated Monthly Household Income (INR ₹),अनुमानित मासिक पारिवारिक आय (रु ₹),
Farm Equipment & Key Productive Assets,कृषि उपकरण और प्रमुख उत्पादक संपत्तियां,
Capture Field GPS Coordinates (Auto-verified),फील्ड जीपीएस निर्देशांक कैप्चर करें (स्वतः सत्यापित),
Field Photo of Site / Beneficiary,कार्यस्थल / लाभार्थी का फील्ड फोटो,
Surveyor Sign-off & Digital Signature,सर्वेक्षक और उत्तरदाता के डिजिटल हस्ताक्षर,
Yes,हाँ,
No,नहीं,
Self,स्वयं,
Husband,पति,
Son,बेटा,
Daughter,बेटी,
Any other,अन्य कोई,
Single,अविवाहित,
Married,विवाहित,
Widowed,विधवा,
Separated,परित्यक्ता,
Divorced,तलाकशुदा,
SC,अनुसूचित जाति (SC),
ST,अनुसूचित जनजाति (ST),
OBC,अन्य पिछड़ा वर्ग (OBC),
General,सामान्य,
Illiterate,निरक्षर / अनपढ़,
Illiterate but able to calculate,निरक्षर (लेकिन हिसाब-किताब में सक्षम),
5th pass,5वीं पास,
8th pass,8वीं पास,
10th pass,10वीं पास,
12th pass,12वीं पास,
Graduate,स्नातक / ग्रेजुएट,
"Less than Rs 1,20,000","रु 1,20,000 से कम",
"Rs 1,20,000 to Rs 1,60,000","रु 1,20,000 से रु 1,60,000",
"Rs 1,60,000 to Rs 2,00,000","रु 1,60,000 से रु 2,00,000",
"Rs 2,00,000 to Rs 2,50,000","रु 2,00,000 से रु 2,50,000",
"Rs 2,50,000 to Rs 3,00,000","रु 2,50,000 से रु 3,00,000",
"Rs 3,00,000 to Rs 3,50,000","रु 3,00,000 से रु 3,50,000",
"Above Rs 3,50,000","रु 3,50,000 से अधिक",
Member,साधारण सदस्य,
Leadership role,नेतृत्व की भूमिका (अध्यक्ष/सचिव),
Grocery / Kirana,किराना दुकान,
General store,जनरल स्टोर,
Leather & footwear,चमड़ा व जूते-चप्पल,
Flour mill,आटा चक्की,
Tailoring & Stitching,सिलाई व कढ़ाई केंद्र,
Apparel & Garments,रेडीमेड वस्त्र,
Beauty parlour,ब्यूटी पार्लर,
Handicraft,हस्तशिल्प / हैंडीक्राफ्ट,
Dairy shop,डेयरी व दूध केंद्र,
Auto-mechanic,ऑटो मैकेनिक,
E-mitra,ई-मित्र केंद्र,
Mobile repair shop,मोबाइल रिपेयर दुकान,
Transport,परिवहन सेवा,
Own shop,अपनी निजी दुकान,
Operating from own house,अपने घर से संचालन,
Rented shop,किराये की दुकान,
Operating from rented house,किराये के मकान से संचालन,
Self alone,स्वयं अकेले,
Self with occasional support from family,स्वयं परिवार के कभी-कभार सहयोग से,
Self with regular support from family,स्वयं परिवार के नियमित सहयोग से,
Only husband,केवल पति,
Husband and wife (joint management),पति-पत्नी (संयुक्त प्रबंधन),
Family members,परिवार के अन्य सदस्य,
Less than 4 hours,4 घंटे से कम,
4-5 hours,4 से 5 घंटे,
5-8 hours,5 से 8 घंटे,
8-10 hours,8 से 10 घंटे,
"Yes, with help of family member","हाँ, परिवार के सदस्य की मदद से",
"Yes, husband does","हाँ, पति करते हैं",
Don't record regularly,नियमित रूप से नहीं लिखते,
I borrow money from SHG to purchase material,सामग्री खरीदने के लिए एसएचजी से ऋण लेती हूँ,
I borrow money from moneylender/NBFIs to purchase material,साहूकार / एनबीएफसी से उधार लेती हूँ,
I borrow money from banks,बैंकों से ऋण लेती हूँ,
I buy material on credit,उधारी पर कच्चा माल लाती हूँ,
"Yes, I own the space and I get clients easily","हाँ, जगह अपनी है और ग्राहक आसानी से आते हैं",
"Yes, I found the space easily on rent and I get clients","हाँ, किराये पर आसानी से मिल गई और ग्राहक आते हैं",
"Yes, but compared to others I was charged a higher rent","हाँ, लेकिन दूसरों की तुलना में अधिक किराया लगा",
"No, but I own the space and can't move to other location","नहीं, लेकिन जगह अपनी है और दूसरी जगह नहीं जा सकती",
"No, but I could afford only this space","नहीं, लेकिन केवल यही स्थान वहन कर सकती थी",
"Yes, supplier is from nearby town/village and supplies on demand","हाँ, सप्लायर पास के शहर से है और मांग पर माल देता है",
"Yes, supplier offers credit purchase and discounts","हाँ, सप्लायर उधारी और छूट देता है",
I buy from different suppliers as per need/season,आवश्यकतानुसार अलग-अलग सप्लायरों से खरीदती हूँ,
"No, but he is our old supplier and we rely on him","नहीं, लेकिन वह पुराना सप्लायर है और हम उस पर भरोसा करते हैं",
"Yes, I don't face any issues","हाँ, कोई परेशानी नहीं आती",
"Yes, but I conduct only cash transactions","हाँ, लेकिन केवल नकद लेन-देन ही करती हूँ",
"Yes, but I have learnt over the years how to negotiate","हाँ, बातचीत व वसूली सीख ली है",
"No, but my husband is able to recover","नहीं, लेकिन मेरे पति वसूल लेते हैं",
"No, my business has suffered losses due to debt","नहीं, उधारी न मिलने से व्यवसाय में नुकसान हुआ है",
"Yes, I can visit market and buy material independently","हाँ, मैं खुद बाजार जाकर माल खरीद सकती हूँ",
"No, because I don't know the sellers","नहीं, क्योंकि मैं विक्रेताओं को नहीं जानती",
"No, because transporting goods is difficult for women","नहीं, महिलाओं के लिए सामान ढोना/लाना कठिन है",
"No, because my husband doesn't approve","नहीं, क्योंकि पति अनुमति नहीं देते",
"No, but I can if my husband is unavailable","नहीं, पर पति के न होने पर जा सकती हूँ",
"Yes, I get required amount easily from SHG","हाँ, एसएचजी से आवश्यक राशि आसानी से मिल जाती है",
"Yes, I get required loan easily from moneylender/NBFIs","हाँ, साहूकार/एनबीएफसी से आसानी से मिल जाता है",
"No, loan amount is smaller than my demand in SHGs","नहीं, एसएचजी में ऋण राशि मांग से बहुत कम होती है",
"No, installment amount is higher due to high interest from moneylender","नहीं, साहूकार की ब्याज दर अधिक होने से किस्त भारी पड़ती है",
Seed capital to buy inventory and set up shop,दुकान स्थापित करने व माल भरने हेतु बीज पूंजी,
Buy new machinery / equipment to increase production,उत्पादन बढ़ाने हेतु नई मशीन/उपकरण (जैसे सिलाई मशीन),
Buy storage assets (e.g. refrigerator/display counter),सामान रखने के साधन (फ्रिज / डिस्प्ले काउंटर आदि),
Expand physical shop space (e.g. flour mill extension),दुकान का विस्तार (जैसे चक्की बढ़ाना),
Expand product variety and retail range,उत्पादों की विविधता व रेंज बढ़ाना,
Buy delivery vehicle or transport services,परिवहन वाहन खरीदना,
Buy smartphone to promote goods online,ऑनलाइन प्रचार हेतु स्मार्टफोन खरीदना,
Helped in accessing loans to setup the business,व्यवसाय शुरू करने हेतु ऋण प्राप्त करने में मदद की,
Helped us understand business planning & profit calculations,व्यापार योजना व लाभ-हानि समझना सिखाया,
Trained us on maintaining regular transaction records,लेन-देन का नियमित हिसाब-किताब रखने का प्रशिक्षण दिया,
Gave ideas to increase enterprise income and sales,बिक्री और आय बढ़ाने के नए विचार दिए,
Helped in banking linkages and communication skills,बैंकों से जुड़ाव व संवाद कौशल में सहयोग दिया,
"No, but family owns it","नहीं, लेकिन परिवार के पास है",
Don't use social media,सोशल मीडिया का उपयोग नहीं करती,
Individual,व्यक्तिगत,
Household,पारिवारिक,
Smallholder Farmer,छोटे किसान,
Micro Enterprise / Self-Employed,सूक्ष्म उद्यम / स्व-रोजगार,
